model,pose,f1,precision,recall,support
AdaBoostClassifier,_overall,0.029460811561978877,0.029460811561978877,0.029460811561978877,
QuadraticDiscriminantAnalysis,_overall,0.4374652584769317,0.43746525847693163,0.43746525847693163,
DecisionTreeClassifier,_overall,0.4963868816008894,0.4963868816008894,0.4963868816008894,
GaussianNB,_overall,0.5742078932740411,0.5742078932740411,0.5742078932740411,
MLPClassifier,_overall,0.6814897165091718,0.6814897165091718,0.6814897165091718,
SVC,_overall,0.6964980544747081,0.6964980544747081,0.6964980544747081,
KNeighborsClassifier,_overall,0.7115063924402447,0.7115063924402446,0.7115063924402446,
RandomForestClassifier,_overall,0.7142857142857143,0.7142857142857143,0.7142857142857143,
AdaBoostClassifier,adho mukha svanasana,0.0,0.0,0.0,21.0
DecisionTreeClassifier,adho mukha svanasana,0.6222222222222222,0.5833333333333334,0.6666666666666666,21.0
MLPClassifier,adho mukha svanasana,0.8444444444444444,0.7916666666666666,0.9047619047619048,21.0
QuadraticDiscriminantAnalysis,adho mukha svanasana,0.8750000000000001,0.7777777777777778,1.0,21.0
GaussianNB,adho mukha svanasana,0.8780487804878048,0.9,0.8571428571428571,21.0
KNeighborsClassifier,adho mukha svanasana,0.9130434782608696,0.84,1.0,21.0
RandomForestClassifier,adho mukha svanasana,0.9302325581395349,0.9090909090909091,0.9523809523809523,21.0
SVC,adho mukha svanasana,0.9767441860465117,0.9545454545454546,1.0,21.0
GaussianNB,adho mukha vriksasana,0.0,0.0,0.0,18.0
AdaBoostClassifier,adho mukha vriksasana,0.08,0.14285714285714285,0.05555555555555555,18.0
QuadraticDiscriminantAnalysis,adho mukha vriksasana,0.4166666666666667,0.8333333333333334,0.2777777777777778,18.0
DecisionTreeClassifier,adho mukha vriksasana,0.5365853658536586,0.4782608695652174,0.6111111111111112,18.0
RandomForestClassifier,adho mukha vriksasana,0.6511627906976745,0.56,0.7777777777777778,18.0
KNeighborsClassifier,adho mukha vriksasana,0.6521739130434783,0.5357142857142857,0.8333333333333334,18.0
MLPClassifier,adho mukha vriksasana,0.7222222222222222,0.7222222222222222,0.7222222222222222,18.0
SVC,adho mukha vriksasana,0.7317073170731708,0.6521739130434783,0.8333333333333334,18.0
SVC,agnistambhasana,0.0,0.0,0.0,10.0
AdaBoostClassifier,agnistambhasana,0.0,0.0,0.0,10.0
QuadraticDiscriminantAnalysis,agnistambhasana,0.0,0.0,0.0,10.0
DecisionTreeClassifier,agnistambhasana,0.22222222222222224,0.25,0.2,10.0
GaussianNB,agnistambhasana,0.588235294117647,0.7142857142857143,0.5,10.0
KNeighborsClassifier,agnistambhasana,0.631578947368421,0.6666666666666666,0.6,10.0
RandomForestClassifier,agnistambhasana,0.6666666666666665,0.75,0.6,10.0
MLPClassifier,agnistambhasana,0.761904761904762,0.7272727272727273,0.8,10.0
AdaBoostClassifier,ananda balasana,0.0,0.0,0.0,18.0
DecisionTreeClassifier,ananda balasana,0.47058823529411764,0.5,0.4444444444444444,18.0
QuadraticDiscriminantAnalysis,ananda balasana,0.5833333333333334,0.4666666666666667,0.7777777777777778,18.0
RandomForestClassifier,ananda balasana,0.7999999999999999,0.7272727272727273,0.8888888888888888,18.0
GaussianNB,ananda balasana,0.8095238095238096,0.7083333333333334,0.9444444444444444,18.0
SVC,ananda balasana,0.8372093023255813,0.72,1.0,18.0
MLPClassifier,ananda balasana,0.85,0.7727272727272727,0.9444444444444444,18.0
KNeighborsClassifier,ananda balasana,0.8571428571428571,0.75,1.0,18.0
AdaBoostClassifier,anantasana,0.0,0.0,0.0,13.0
QuadraticDiscriminantAnalysis,anantasana,0.0,0.0,0.0,13.0
DecisionTreeClassifier,anantasana,0.7826086956521738,0.9,0.6923076923076923,13.0
GaussianNB,anantasana,0.7857142857142856,0.7333333333333333,0.8461538461538461,13.0
KNeighborsClassifier,anantasana,0.8461538461538461,0.8461538461538461,0.8461538461538461,13.0
SVC,anantasana,0.8461538461538461,0.8461538461538461,0.8461538461538461,13.0
RandomForestClassifier,anantasana,0.8461538461538461,0.8461538461538461,0.8461538461538461,13.0
MLPClassifier,anantasana,0.8461538461538461,0.8461538461538461,0.8461538461538461,13.0
AdaBoostClassifier,anjaneyasana,0.0,0.0,0.0,19.0
GaussianNB,anjaneyasana,0.3076923076923077,0.5714285714285714,0.21052631578947367,19.0
DecisionTreeClassifier,anjaneyasana,0.33333333333333337,0.35294117647058826,0.3157894736842105,19.0
QuadraticDiscriminantAnalysis,anjaneyasana,0.375,0.3103448275862069,0.47368421052631576,19.0
SVC,anjaneyasana,0.39999999999999997,0.4375,0.3684210526315789,19.0
MLPClassifier,anjaneyasana,0.48275862068965514,0.7,0.3684210526315789,19.0
KNeighborsClassifier,anjaneyasana,0.5641025641025641,0.55,0.5789473684210527,19.0
RandomForestClassifier,anjaneyasana,0.6060606060606061,0.7142857142857143,0.5263157894736842,19.0
AdaBoostClassifier,ardha bhekasana,0.0,0.0,0.0,12.0
QuadraticDiscriminantAnalysis,ardha bhekasana,0.0,0.0,0.0,12.0
DecisionTreeClassifier,ardha bhekasana,0.3870967741935484,0.3157894736842105,0.5,12.0
GaussianNB,ardha bhekasana,0.4848484848484849,0.38095238095238093,0.6666666666666666,12.0
KNeighborsClassifier,ardha bhekasana,0.6666666666666666,0.6666666666666666,0.6666666666666666,12.0
RandomForestClassifier,ardha bhekasana,0.6666666666666666,0.6666666666666666,0.6666666666666666,12.0
MLPClassifier,ardha bhekasana,0.7272727272727272,0.8,0.6666666666666666,12.0
SVC,ardha bhekasana,0.75,0.75,0.75,12.0
AdaBoostClassifier,ardha chandrasana,0.0,0.0,0.0,16.0
QuadraticDiscriminantAnalysis,ardha chandrasana,0.0,0.0,0.0,16.0
DecisionTreeClassifier,ardha chandrasana,0.6666666666666666,0.7142857142857143,0.625,16.0
MLPClassifier,ardha chandrasana,0.6666666666666666,0.8181818181818182,0.5625,16.0
GaussianNB,ardha chandrasana,0.7999999999999999,0.8571428571428571,0.75,16.0
KNeighborsClassifier,ardha chandrasana,0.8148148148148148,1.0,0.6875,16.0
SVC,ardha chandrasana,0.8148148148148148,1.0,0.6875,16.0
RandomForestClassifier,ardha chandrasana,0.9375,0.9375,0.9375,16.0
AdaBoostClassifier,ardha matsyendrasana,0.03218116805721096,0.01635372501514234,1.0,27.0
QuadraticDiscriminantAnalysis,ardha matsyendrasana,0.2030075187969925,0.11297071129707113,1.0,27.0
GaussianNB,ardha matsyendrasana,0.6567164179104479,0.55,0.8148148148148148,27.0
DecisionTreeClassifier,ardha matsyendrasana,0.6923076923076923,0.72,0.6666666666666666,27.0
RandomForestClassifier,ardha matsyendrasana,0.75,0.6486486486486487,0.8888888888888888,27.0
MLPClassifier,ardha matsyendrasana,0.75,0.7241379310344828,0.7777777777777778,27.0
KNeighborsClassifier,ardha matsyendrasana,0.7796610169491525,0.71875,0.8518518518518519,27.0
SVC,ardha matsyendrasana,0.8421052631578948,0.8,0.8888888888888888,27.0
AdaBoostClassifier,ardha pincha mayurasana,0.0,0.0,0.0,14.0
QuadraticDiscriminantAnalysis,ardha pincha mayurasana,0.0,0.0,0.0,14.0
DecisionTreeClassifier,ardha pincha mayurasana,0.6875000000000001,0.6111111111111112,0.7857142857142857,14.0
GaussianNB,ardha pincha mayurasana,0.7058823529411764,0.6,0.8571428571428571,14.0
MLPClassifier,ardha pincha mayurasana,0.8387096774193549,0.7647058823529411,0.9285714285714286,14.0
RandomForestClassifier,ardha pincha mayurasana,0.8666666666666666,0.8125,0.9285714285714286,14.0
KNeighborsClassifier,ardha pincha mayurasana,0.8750000000000001,0.7777777777777778,1.0,14.0
SVC,ardha pincha mayurasana,1.0,1.0,1.0,14.0
AdaBoostClassifier,ardha uttanasana,0.0,0.0,0.0,20.0
DecisionTreeClassifier,ardha uttanasana,0.4090909090909091,0.375,0.45,20.0
GaussianNB,ardha uttanasana,0.4878048780487805,0.47619047619047616,0.5,20.0
QuadraticDiscriminantAnalysis,ardha uttanasana,0.5116279069767442,0.4782608695652174,0.55,20.0
RandomForestClassifier,ardha uttanasana,0.5581395348837209,0.5217391304347826,0.6,20.0
MLPClassifier,ardha uttanasana,0.608695652173913,0.5384615384615384,0.7,20.0
SVC,ardha uttanasana,0.64,0.5333333333333333,0.8,20.0
KNeighborsClassifier,ardha uttanasana,0.6938775510204082,0.5862068965517241,0.85,20.0
AdaBoostClassifier,ashtanga namaskara,0.0,0.0,0.0,10.0
QuadraticDiscriminantAnalysis,ashtanga namaskara,0.0,0.0,0.0,10.0
DecisionTreeClassifier,ashtanga namaskara,0.23529411764705882,0.2857142857142857,0.2,10.0
SVC,ashtanga namaskara,0.4615384615384615,1.0,0.3,10.0
GaussianNB,ashtanga namaskara,0.5714285714285713,0.5454545454545454,0.6,10.0
MLPClassifier,ashtanga namaskara,0.7826086956521738,0.6923076923076923,0.9,10.0
KNeighborsClassifier,ashtanga namaskara,0.8181818181818182,0.75,0.9,10.0
RandomForestClassifier,ashtanga namaskara,0.8571428571428572,0.8181818181818182,0.9,10.0
AdaBoostClassifier,astavakrasana,0.0,0.0,0.0,22.0
QuadraticDiscriminantAnalysis,astavakrasana,0.537313432835821,0.4,0.8181818181818182,22.0
DecisionTreeClassifier,astavakrasana,0.6122448979591836,0.5555555555555556,0.6818181818181818,22.0
GaussianNB,astavakrasana,0.7142857142857143,0.75,0.6818181818181818,22.0
RandomForestClassifier,astavakrasana,0.7555555555555555,0.7391304347826086,0.7727272727272727,22.0
MLPClassifier,astavakrasana,0.7727272727272727,0.7727272727272727,0.7727272727272727,22.0
KNeighborsClassifier,astavakrasana,0.7777777777777778,0.65625,0.9545454545454546,22.0
SVC,astavakrasana,0.7916666666666666,0.7307692307692307,0.8636363636363636,22.0
AdaBoostClassifier,baddha konasana,0.0,0.0,0.0,21.0
GaussianNB,baddha konasana,0.08,0.25,0.047619047619047616,21.0
DecisionTreeClassifier,baddha konasana,0.24489795918367344,0.21428571428571427,0.2857142857142857,21.0
QuadraticDiscriminantAnalysis,baddha konasana,0.37499999999999994,0.5454545454545454,0.2857142857142857,21.0
MLPClassifier,baddha konasana,0.4,0.6666666666666666,0.2857142857142857,21.0
SVC,baddha konasana,0.42857142857142855,0.8571428571428571,0.2857142857142857,21.0
KNeighborsClassifier,baddha konasana,0.5,0.5263157894736842,0.47619047619047616,21.0
RandomForestClassifier,baddha konasana,0.5945945945945946,0.6875,0.5238095238095238,21.0
AdaBoostClassifier,bakasana,0.0,0.0,0.0,23.0
QuadraticDiscriminantAnalysis,bakasana,0.4597701149425288,0.3125,0.8695652173913043,23.0
DecisionTreeClassifier,bakasana,0.7916666666666667,0.76,0.8260869565217391,23.0
KNeighborsClassifier,bakasana,0.8148148148148149,0.7096774193548387,0.9565217391304348,23.0
GaussianNB,bakasana,0.8163265306122449,0.7692307692307693,0.8695652173913043,23.0
SVC,bakasana,0.8301886792452831,0.7333333333333333,0.9565217391304348,23.0
MLPClassifier,bakasana,0.8936170212765957,0.875,0.9130434782608695,23.0
RandomForestClassifier,bakasana,0.8979591836734695,0.8461538461538461,0.9565217391304348,23.0
AdaBoostClassifier,balasana,0.0,0.0,0.0,21.0
GaussianNB,balasana,0.56,0.4827586206896552,0.6666666666666666,21.0
DecisionTreeClassifier,balasana,0.5853658536585366,0.6,0.5714285714285714,21.0
SVC,balasana,0.6808510638297872,0.6153846153846154,0.7619047619047619,21.0
MLPClassifier,balasana,0.7142857142857143,0.7142857142857143,0.7142857142857143,21.0
KNeighborsClassifier,balasana,0.7234042553191489,0.6538461538461539,0.8095238095238095,21.0
QuadraticDiscriminantAnalysis,balasana,0.7500000000000001,0.7894736842105263,0.7142857142857143,21.0
RandomForestClassifier,balasana,0.8,0.8421052631578947,0.7619047619047619,21.0
AdaBoostClassifier,bhairavasana,0.0,0.0,0.0,14.0
QuadraticDiscriminantAnalysis,bhairavasana,0.0,0.0,0.0,14.0
DecisionTreeClassifier,bhairavasana,0.2608695652173913,0.3333333333333333,0.21428571428571427,14.0
SVC,bhairavasana,0.3333333333333333,0.75,0.21428571428571427,14.0
MLPClassifier,bhairavasana,0.4,0.45454545454545453,0.35714285714285715,14.0
GaussianNB,bhairavasana,0.4210526315789473,0.8,0.2857142857142857,14.0
KNeighborsClassifier,bhairavasana,0.6666666666666666,0.8,0.5714285714285714,14.0
RandomForestClassifier,bhairavasana,0.8461538461538461,0.9166666666666666,0.7857142857142857,14.0
AdaBoostClassifier,bharadvajasana i,0.0,0.0,0.0,16.0
QuadraticDiscriminantAnalysis,bharadvajasana i,0.0,0.0,0.0,16.0
DecisionTreeClassifier,bharadvajasana i,0.23076923076923075,0.3,0.1875,16.0
MLPClassifier,bharadvajasana i,0.42424242424242425,0.4117647058823529,0.4375,16.0
GaussianNB,bharadvajasana i,0.5581395348837209,0.4444444444444444,0.75,16.0
SVC,bharadvajasana i,0.6060606060606061,0.5882352941176471,0.625,16.0
RandomForestClassifier,bharadvajasana i,0.6875,0.6875,0.6875,16.0
KNeighborsClassifier,bharadvajasana i,0.8125,0.8125,0.8125,16.0
AdaBoostClassifier,bhekasana,0.0,0.0,0.0,12.0
QuadraticDiscriminantAnalysis,bhekasana,0.0,0.0,0.0,12.0
DecisionTreeClassifier,bhekasana,0.2105263157894737,0.2857142857142857,0.16666666666666666,12.0
GaussianNB,bhekasana,0.4761904761904762,0.5555555555555556,0.4166666666666667,12.0
RandomForestClassifier,bhekasana,0.6363636363636365,0.7,0.5833333333333334,12.0
MLPClassifier,bhekasana,0.7272727272727272,0.8,0.6666666666666666,12.0
KNeighborsClassifier,bhekasana,0.7368421052631579,1.0,0.5833333333333334,12.0
SVC,bhekasana,0.7368421052631579,1.0,0.5833333333333334,12.0
AdaBoostClassifier,bhujangasana,0.0,0.0,0.0,22.0
GaussianNB,bhujangasana,0.15384615384615383,0.17647058823529413,0.13636363636363635,22.0
DecisionTreeClassifier,bhujangasana,0.423076923076923,0.36666666666666664,0.5,22.0
QuadraticDiscriminantAnalysis,bhujangasana,0.5517241379310345,0.4444444444444444,0.7272727272727273,22.0
MLPClassifier,bhujangasana,0.6249999999999999,0.5769230769230769,0.6818181818181818,22.0
RandomForestClassifier,bhujangasana,0.6666666666666666,0.7,0.6363636363636364,22.0
KNeighborsClassifier,bhujangasana,0.7083333333333333,0.6538461538461539,0.7727272727272727,22.0
SVC,bhujangasana,0.7234042553191491,0.68,0.7727272727272727,22.0
AdaBoostClassifier,bhujapidasana,0.0,0.0,0.0,18.0
QuadraticDiscriminantAnalysis,bhujapidasana,0.39999999999999997,0.2692307692307692,0.7777777777777778,18.0
GaussianNB,bhujapidasana,0.4,0.5,0.3333333333333333,18.0
DecisionTreeClassifier,bhujapidasana,0.45,0.4090909090909091,0.5,18.0
RandomForestClassifier,bhujapidasana,0.5714285714285715,0.5882352941176471,0.5555555555555556,18.0
KNeighborsClassifier,bhujapidasana,0.5789473684210527,0.55,0.6111111111111112,18.0
SVC,bhujapidasana,0.6,0.5454545454545454,0.6666666666666666,18.0
MLPClassifier,bhujapidasana,0.6153846153846153,0.5714285714285714,0.6666666666666666,18.0
AdaBoostClassifier,bitilasana,0.0,0.0,0.0,26.0
DecisionTreeClassifier,bitilasana,0.28571428571428575,0.30434782608695654,0.2692307692307692,26.0
RandomForestClassifier,bitilasana,0.4444444444444444,0.5263157894736842,0.38461538461538464,26.0
KNeighborsClassifier,bitilasana,0.6181818181818182,0.5862068965517241,0.6538461538461539,26.0
QuadraticDiscriminantAnalysis,bitilasana,0.6181818181818182,0.5862068965517241,0.6538461538461539,26.0
MLPClassifier,bitilasana,0.6363636363636364,0.7777777777777778,0.5384615384615384,26.0
GaussianNB,bitilasana,0.6521739130434783,0.75,0.5769230769230769,26.0
SVC,bitilasana,0.6896551724137931,0.625,0.7692307692307693,26.0
AdaBoostClassifier,camatkarasana,0.0,0.0,0.0,16.0
DecisionTreeClassifier,camatkarasana,0.6000000000000001,0.6428571428571429,0.5625,16.0
QuadraticDiscriminantAnalysis,camatkarasana,0.6086956521739131,1.0,0.4375,16.0
MLPClassifier,camatkarasana,0.787878787878788,0.7647058823529411,0.8125,16.0
GaussianNB,camatkarasana,0.8484848484848485,0.8235294117647058,0.875,16.0
RandomForestClassifier,camatkarasana,0.8823529411764706,0.8333333333333334,0.9375,16.0
KNeighborsClassifier,camatkarasana,0.9090909090909091,0.8823529411764706,0.9375,16.0
SVC,camatkarasana,0.9375,0.9375,0.9375,16.0
AdaBoostClassifier,chakravakasana,0.0,0.0,0.0,21.0
GaussianNB,chakravakasana,0.2222222222222222,0.26666666666666666,0.19047619047619047,21.0
DecisionTreeClassifier,chakravakasana,0.22727272727272724,0.21739130434782608,0.23809523809523808,21.0
KNeighborsClassifier,chakravakasana,0.23529411764705882,0.3076923076923077,0.19047619047619047,21.0
SVC,chakravakasana,0.25806451612903225,0.4,0.19047619047619047,21.0
RandomForestClassifier,chakravakasana,0.31818181818181823,0.30434782608695654,0.3333333333333333,21.0
MLPClassifier,chakravakasana,0.31818181818181823,0.30434782608695654,0.3333333333333333,21.0
QuadraticDiscriminantAnalysis,chakravakasana,0.3636363636363636,0.34782608695652173,0.38095238095238093,21.0
AdaBoostClassifier,chaturanga dandasana,0.0,0.0,0.0,27.0
DecisionTreeClassifier,chaturanga dandasana,0.52,0.5652173913043478,0.48148148148148145,27.0
GaussianNB,chaturanga dandasana,0.5396825396825397,0.4722222222222222,0.6296296296296297,27.0
QuadraticDiscriminantAnalysis,chaturanga dandasana,0.6,0.4528301886792453,0.8888888888888888,27.0
SVC,chaturanga dandasana,0.6486486486486487,0.5106382978723404,0.8888888888888888,27.0
RandomForestClassifier,chaturanga dandasana,0.6792452830188679,0.6923076923076923,0.6666666666666666,27.0
MLPClassifier,chaturanga dandasana,0.6865671641791045,0.575,0.8518518518518519,27.0
KNeighborsClassifier,chaturanga dandasana,0.7272727272727273,0.7142857142857143,0.7407407407407407,27.0
AdaBoostClassifier,dandasana,0.0,0.0,0.0,18.0
DecisionTreeClassifier,dandasana,0.4666666666666666,0.5833333333333334,0.3888888888888889,18.0
GaussianNB,dandasana,0.5517241379310345,0.7272727272727273,0.4444444444444444,18.0
MLPClassifier,dandasana,0.6666666666666667,0.8333333333333334,0.5555555555555556,18.0
QuadraticDiscriminantAnalysis,dandasana,0.7586206896551725,1.0,0.6111111111111112,18.0
SVC,dandasana,0.7777777777777778,0.7777777777777778,0.7777777777777778,18.0
RandomForestClassifier,dandasana,0.8333333333333334,0.8333333333333334,0.8333333333333334,18.0
KNeighborsClassifier,dandasana,0.8888888888888888,0.8888888888888888,0.8888888888888888,18.0
AdaBoostClassifier,dhanurasana,0.0,0.0,0.0,14.0
QuadraticDiscriminantAnalysis,dhanurasana,0.0,0.0,0.0,14.0
DecisionTreeClassifier,dhanurasana,0.5333333333333333,0.5,0.5714285714285714,14.0
GaussianNB,dhanurasana,0.7142857142857143,0.7142857142857143,0.7142857142857143,14.0
RandomForestClassifier,dhanurasana,0.7586206896551724,0.7333333333333333,0.7857142857142857,14.0
MLPClassifier,dhanurasana,0.8461538461538461,0.9166666666666666,0.7857142857142857,14.0
KNeighborsClassifier,dhanurasana,0.896551724137931,0.8666666666666667,0.9285714285714286,14.0
SVC,dhanurasana,0.896551724137931,0.8666666666666667,0.9285714285714286,14.0
AdaBoostClassifier,durvasasana,0.0,0.0,0.0,12.0
QuadraticDiscriminantAnalysis,durvasasana,0.0,0.0,0.0,12.0
DecisionTreeClassifier,durvasasana,0.48000000000000004,0.46153846153846156,0.5,12.0
GaussianNB,durvasasana,0.6206896551724139,0.5294117647058824,0.75,12.0
RandomForestClassifier,durvasasana,0.6666666666666666,0.6666666666666666,0.6666666666666666,12.0
SVC,durvasasana,0.6923076923076924,0.6428571428571429,0.75,12.0
MLPClassifier,durvasasana,0.6956521739130435,0.7272727272727273,0.6666666666666666,12.0
KNeighborsClassifier,durvasasana,0.7826086956521738,0.8181818181818182,0.75,12.0
AdaBoostClassifier,dwi pada viparita dandasana,0.0,0.0,0.0,17.0
GaussianNB,dwi pada viparita dandasana,0.5555555555555555,0.5263157894736842,0.5882352941176471,17.0
QuadraticDiscriminantAnalysis,dwi pada viparita dandasana,0.6153846153846153,0.8888888888888888,0.47058823529411764,17.0
DecisionTreeClassifier,dwi pada viparita dandasana,0.7096774193548386,0.7857142857142857,0.6470588235294118,17.0
SVC,dwi pada viparita dandasana,0.8888888888888888,0.8421052631578947,0.9411764705882353,17.0
MLPClassifier,dwi pada viparita dandasana,0.9090909090909091,0.9375,0.8823529411764706,17.0
RandomForestClassifier,dwi pada viparita dandasana,0.9142857142857143,0.8888888888888888,0.9411764705882353,17.0
KNeighborsClassifier,dwi pada viparita dandasana,0.9411764705882353,0.9411764705882353,0.9411764705882353,17.0
SVC,eka pada koundinyanasana i,0.0,0.0,0.0,15.0
DecisionTreeClassifier,eka pada koundinyanasana i,0.0,0.0,0.0,15.0
RandomForestClassifier,eka pada koundinyanasana i,0.0,0.0,0.0,15.0
AdaBoostClassifier,eka pada koundinyanasana i,0.0,0.0,0.0,15.0
QuadraticDiscriminantAnalysis,eka pada koundinyanasana i,0.09090909090909091,0.14285714285714285,0.06666666666666667,15.0
GaussianNB,eka pada koundinyanasana i,0.09523809523809522,0.16666666666666666,0.06666666666666667,15.0
MLPClassifier,eka pada koundinyanasana i,0.2,0.4,0.13333333333333333,15.0
KNeighborsClassifier,eka pada koundinyanasana i,0.24,0.3,0.2,15.0
DecisionTreeClassifier,eka pada koundinyanasana ii,0.0,0.0,0.0,17.0
AdaBoostClassifier,eka pada koundinyanasana ii,0.0,0.0,0.0,17.0
GaussianNB,eka pada koundinyanasana ii,0.15999999999999998,0.25,0.11764705882352941,17.0
RandomForestClassifier,eka pada koundinyanasana ii,0.2580645161290323,0.2857142857142857,0.23529411764705882,17.0
QuadraticDiscriminantAnalysis,eka pada koundinyanasana ii,0.28571428571428575,0.1956521739130435,0.5294117647058824,17.0
MLPClassifier,eka pada koundinyanasana ii,0.45714285714285713,0.4444444444444444,0.47058823529411764,17.0
SVC,eka pada koundinyanasana ii,0.4761904761904762,0.4,0.5882352941176471,17.0
KNeighborsClassifier,eka pada koundinyanasana ii,0.48648648648648646,0.45,0.5294117647058824,17.0
AdaBoostClassifier,eka pada rajakapotasana,0.0,0.0,0.0,13.0
QuadraticDiscriminantAnalysis,eka pada rajakapotasana,0.0,0.0,0.0,13.0
KNeighborsClassifier,eka pada rajakapotasana,0.3636363636363637,0.4444444444444444,0.3076923076923077,13.0
DecisionTreeClassifier,eka pada rajakapotasana,0.4,0.4166666666666667,0.38461538461538464,13.0
RandomForestClassifier,eka pada rajakapotasana,0.41666666666666663,0.45454545454545453,0.38461538461538464,13.0
SVC,eka pada rajakapotasana,0.5384615384615384,0.5384615384615384,0.5384615384615384,13.0
MLPClassifier,eka pada rajakapotasana,0.5925925925925927,0.5714285714285714,0.6153846153846154,13.0
GaussianNB,eka pada rajakapotasana,0.5925925925925927,0.5714285714285714,0.6153846153846154,13.0
AdaBoostClassifier,eka pada rajakapotasana ii,0.0,0.0,0.0,17.0
QuadraticDiscriminantAnalysis,eka pada rajakapotasana ii,0.20512820512820512,0.13114754098360656,0.47058823529411764,17.0
DecisionTreeClassifier,eka pada rajakapotasana ii,0.26666666666666666,0.3076923076923077,0.23529411764705882,17.0
MLPClassifier,eka pada rajakapotasana ii,0.30769230769230765,0.4444444444444444,0.23529411764705882,17.0
KNeighborsClassifier,eka pada rajakapotasana ii,0.33333333333333337,0.38461538461538464,0.29411764705882354,17.0
GaussianNB,eka pada rajakapotasana ii,0.39999999999999997,0.3888888888888889,0.4117647058823529,17.0
SVC,eka pada rajakapotasana ii,0.43749999999999994,0.4666666666666667,0.4117647058823529,17.0
RandomForestClassifier,eka pada rajakapotasana ii,0.48484848484848486,0.5,0.47058823529411764,17.0
AdaBoostClassifier,ganda bherundasana,0.0,0.0,0.0,12.0
QuadraticDiscriminantAnalysis,ganda bherundasana,0.0,0.0,0.0,12.0
GaussianNB,ganda bherundasana,0.28571428571428575,0.25,0.3333333333333333,12.0
DecisionTreeClassifier,ganda bherundasana,0.5217391304347826,0.5454545454545454,0.5,12.0
KNeighborsClassifier,ganda bherundasana,0.5263157894736842,0.7142857142857143,0.4166666666666667,12.0
SVC,ganda bherundasana,0.5263157894736842,0.7142857142857143,0.4166666666666667,12.0
MLPClassifier,ganda bherundasana,0.6086956521739131,0.6363636363636364,0.5833333333333334,12.0
RandomForestClassifier,ganda bherundasana,0.7826086956521738,0.8181818181818182,0.75,12.0
AdaBoostClassifier,garbha pindasana,0.0,0.0,0.0,11.0
QuadraticDiscriminantAnalysis,garbha pindasana,0.0,0.0,0.0,11.0
DecisionTreeClassifier,garbha pindasana,0.5454545454545454,0.5454545454545454,0.5454545454545454,11.0
MLPClassifier,garbha pindasana,0.8181818181818182,0.8181818181818182,0.8181818181818182,11.0
GaussianNB,garbha pindasana,0.8181818181818182,0.8181818181818182,0.8181818181818182,11.0
KNeighborsClassifier,garbha pindasana,0.8421052631578948,1.0,0.7272727272727273,11.0
SVC,garbha pindasana,0.8571428571428572,0.9,0.8181818181818182,11.0
RandomForestClassifier,garbha pindasana,0.8695652173913043,0.8333333333333334,0.9090909090909091,11.0
AdaBoostClassifier,garudasana,0.0,0.0,0.0,23.0
DecisionTreeClassifier,garudasana,0.6511627906976744,0.7,0.6086956521739131,23.0
QuadraticDiscriminantAnalysis,garudasana,0.7407407407407407,0.6451612903225806,0.8695652173913043,23.0
SVC,garudasana,0.8076923076923076,0.7241379310344828,0.9130434782608695,23.0
RandomForestClassifier,garudasana,0.84,0.7777777777777778,0.9130434782608695,23.0
KNeighborsClassifier,garudasana,0.8749999999999999,0.84,0.9130434782608695,23.0
MLPClassifier,garudasana,0.8749999999999999,0.84,0.9130434782608695,23.0
GaussianNB,garudasana,0.9166666666666666,0.88,0.9565217391304348,23.0
AdaBoostClassifier,gomukhasana,0.0,0.0,0.0,22.0
QuadraticDiscriminantAnalysis,gomukhasana,0.8301886792452831,0.7096774193548387,1.0,22.0
DecisionTreeClassifier,gomukhasana,0.8695652173913043,0.8333333333333334,0.9090909090909091,22.0
GaussianNB,gomukhasana,0.8695652173913043,0.8333333333333334,0.9090909090909091,22.0
SVC,gomukhasana,0.888888888888889,0.8695652173913043,0.9090909090909091,22.0
KNeighborsClassifier,gomukhasana,0.9130434782608695,0.875,0.9545454545454546,22.0
MLPClassifier,gomukhasana,0.9361702127659575,0.88,1.0,22.0
RandomForestClassifier,gomukhasana,0.9545454545454546,0.9545454545454546,0.9545454545454546,22.0
AdaBoostClassifier,halasana,0.0,0.0,0.0,20.0
DecisionTreeClassifier,halasana,0.7142857142857143,0.6818181818181818,0.75,20.0
KNeighborsClassifier,halasana,0.7647058823529412,0.9285714285714286,0.65,20.0
QuadraticDiscriminantAnalysis,halasana,0.7647058823529412,0.9285714285714286,0.65,20.0
GaussianNB,halasana,0.8,0.9333333333333333,0.7,20.0
MLPClassifier,halasana,0.8108108108108107,0.8823529411764706,0.75,20.0
SVC,halasana,0.8571428571428571,1.0,0.75,20.0
RandomForestClassifier,halasana,0.9189189189189189,1.0,0.85,20.0
AdaBoostClassifier,hanumanasana,0.0,0.0,0.0,10.0
QuadraticDiscriminantAnalysis,hanumanasana,0.0,0.0,0.0,10.0
DecisionTreeClassifier,hanumanasana,0.4444444444444445,0.5,0.4,10.0
RandomForestClassifier,hanumanasana,0.64,0.5333333333333333,0.8,10.0
MLPClassifier,hanumanasana,0.6666666666666665,0.75,0.6,10.0
KNeighborsClassifier,hanumanasana,0.7272727272727272,0.6666666666666666,0.8,10.0
SVC,hanumanasana,0.7368421052631577,0.7777777777777778,0.7,10.0
GaussianNB,hanumanasana,0.7368421052631577,0.7777777777777778,0.7,10.0
AdaBoostClassifier,janu sirsasana,0.0,0.0,0.0,14.0
QuadraticDiscriminantAnalysis,janu sirsasana,0.0,0.0,0.0,14.0
DecisionTreeClassifier,janu sirsasana,0.1935483870967742,0.17647058823529413,0.21428571428571427,14.0
GaussianNB,janu sirsasana,0.3333333333333333,0.75,0.21428571428571427,14.0
RandomForestClassifier,janu sirsasana,0.4761904761904762,0.7142857142857143,0.35714285714285715,14.0
KNeighborsClassifier,janu sirsasana,0.64,0.7272727272727273,0.5714285714285714,14.0
MLPClassifier,janu sirsasana,0.6666666666666666,1.0,0.5,14.0
SVC,janu sirsasana,0.8333333333333333,1.0,0.7142857142857143,14.0
AdaBoostClassifier,kapotasana,0.0,0.0,0.0,17.0
QuadraticDiscriminantAnalysis,kapotasana,0.4,0.2641509433962264,0.8235294117647058,17.0
DecisionTreeClassifier,kapotasana,0.5,0.43478260869565216,0.5882352941176471,17.0
MLPClassifier,kapotasana,0.7619047619047621,0.64,0.9411764705882353,17.0
GaussianNB,kapotasana,0.7647058823529412,0.7647058823529411,0.7647058823529411,17.0
KNeighborsClassifier,kapotasana,0.7741935483870968,0.8571428571428571,0.7058823529411765,17.0
SVC,kapotasana,0.8000000000000002,0.9230769230769231,0.7058823529411765,17.0
RandomForestClassifier,kapotasana,0.8888888888888888,0.8421052631578947,0.9411764705882353,17.0
AdaBoostClassifier,krounchasana,0.0,0.0,0.0,13.0
QuadraticDiscriminantAnalysis,krounchasana,0.0,0.0,0.0,13.0
KNeighborsClassifier,krounchasana,0.5555555555555556,1.0,0.38461538461538464,13.0
DecisionTreeClassifier,krounchasana,0.5806451612903226,0.5,0.6923076923076923,13.0
MLPClassifier,krounchasana,0.8148148148148148,0.7857142857142857,0.8461538461538461,13.0
GaussianNB,krounchasana,0.8333333333333333,0.9090909090909091,0.7692307692307693,13.0
SVC,krounchasana,0.8695652173913044,1.0,0.7692307692307693,13.0
RandomForestClassifier,krounchasana,0.8695652173913044,1.0,0.7692307692307693,13.0
AdaBoostClassifier,kurmasana,0.0,0.0,0.0,12.0
QuadraticDiscriminantAnalysis,kurmasana,0.0,0.0,0.0,12.0
SVC,kurmasana,0.2857142857142857,1.0,0.16666666666666666,12.0
GaussianNB,kurmasana,0.28571428571428575,0.3333333333333333,0.25,12.0
MLPClassifier,kurmasana,0.3,0.375,0.25,12.0
DecisionTreeClassifier,kurmasana,0.3703703703703704,0.3333333333333333,0.4166666666666667,12.0
KNeighborsClassifier,kurmasana,0.4,0.5,0.3333333333333333,12.0
RandomForestClassifier,kurmasana,0.8571428571428571,1.0,0.75,12.0
AdaBoostClassifier,lolasana,0.0,0.0,0.0,11.0
QuadraticDiscriminantAnalysis,lolasana,0.0,0.0,0.0,11.0
DecisionTreeClassifier,lolasana,0.33333333333333337,0.3076923076923077,0.36363636363636365,11.0
GaussianNB,lolasana,0.4444444444444444,0.375,0.5454545454545454,11.0
SVC,lolasana,0.631578947368421,0.75,0.5454545454545454,11.0
KNeighborsClassifier,lolasana,0.7272727272727273,0.7272727272727273,0.7272727272727273,11.0
MLPClassifier,lolasana,0.7500000000000001,0.6923076923076923,0.8181818181818182,11.0
RandomForestClassifier,lolasana,0.7999999999999999,0.8888888888888888,0.7272727272727273,11.0
AdaBoostClassifier,macro avg,0.00681706866467824,0.007278498105639847,0.022001557632398756,1799.0
QuadraticDiscriminantAnalysis,macro avg,0.3396392599393958,0.39499584568621665,0.36948979118572456,1799.0
DecisionTreeClassifier,macro avg,0.4773429617793586,0.48849690432818194,0.4793771851727036,1799.0
GaussianNB,macro avg,0.5448702349658213,0.5612075737699361,0.5637088381075226,1799.0
SVC,macro avg,0.6517720291730598,0.6729541347929038,0.6651671870017064,1799.0
MLPClassifier,macro avg,0.6570342713039187,0.6711291029029545,0.6651464568887511,1799.0
KNeighborsClassifier,macro avg,0.6886690189431542,0.7058012315006874,0.69226945208175,1799.0
RandomForestClassifier,macro avg,0.6940116033211189,0.7047538477919226,0.6995025502630989,1799.0
SVC,makara adho mukha svanasana,0.0,0.0,0.0,13.0
AdaBoostClassifier,makara adho mukha svanasana,0.0,0.0,0.0,13.0
QuadraticDiscriminantAnalysis,makara adho mukha svanasana,0.0,0.0,0.0,13.0
DecisionTreeClassifier,makara adho mukha svanasana,0.5384615384615384,0.5384615384615384,0.5384615384615384,13.0
KNeighborsClassifier,makara adho mukha svanasana,0.6923076923076923,0.6923076923076923,0.6923076923076923,13.0
GaussianNB,makara adho mukha svanasana,0.7142857142857142,0.6666666666666666,0.7692307692307693,13.0
RandomForestClassifier,makara adho mukha svanasana,0.7692307692307693,0.7692307692307693,0.7692307692307693,13.0
MLPClassifier,makara adho mukha svanasana,0.7692307692307693,0.7692307692307693,0.7692307692307693,13.0
AdaBoostClassifier,makarasana,0.0,0.0,0.0,17.0
GaussianNB,makarasana,0.28571428571428575,0.2777777777777778,0.29411764705882354,17.0
DecisionTreeClassifier,makarasana,0.5405405405405405,0.5,0.5882352941176471,17.0
SVC,makarasana,0.6,0.5217391304347826,0.7058823529411765,17.0
QuadraticDiscriminantAnalysis,makarasana,0.6399999999999999,1.0,0.47058823529411764,17.0
MLPClassifier,makarasana,0.6875,0.7333333333333333,0.6470588235294118,17.0
RandomForestClassifier,makarasana,0.7272727272727272,0.75,0.7058823529411765,17.0
KNeighborsClassifier,makarasana,0.7500000000000001,0.8,0.7058823529411765,17.0
AdaBoostClassifier,malasana,0.0,0.0,0.0,20.0
GaussianNB,malasana,0.5294117647058824,0.6428571428571429,0.45,20.0
DecisionTreeClassifier,malasana,0.5405405405405405,0.5882352941176471,0.5,20.0
QuadraticDiscriminantAnalysis,malasana,0.5555555555555556,0.625,0.5,20.0
MLPClassifier,malasana,0.5853658536585366,0.5714285714285714,0.6,20.0
SVC,malasana,0.5909090909090908,0.5416666666666666,0.65,20.0
KNeighborsClassifier,malasana,0.6222222222222222,0.56,0.7,20.0
RandomForestClassifier,malasana,0.65,0.65,0.65,20.0
AdaBoostClassifier,marichyasana i,0.0,0.0,0.0,15.0
QuadraticDiscriminantAnalysis,marichyasana i,0.0,0.0,0.0,15.0
DecisionTreeClassifier,marichyasana i,0.16666666666666669,0.2222222222222222,0.13333333333333333,15.0
GaussianNB,marichyasana i,0.2222222222222222,0.6666666666666666,0.13333333333333333,15.0
RandomForestClassifier,marichyasana i,0.5217391304347827,0.75,0.4,15.0
MLPClassifier,marichyasana i,0.5517241379310344,0.5714285714285714,0.5333333333333333,15.0
SVC,marichyasana i,0.5925925925925926,0.6666666666666666,0.5333333333333333,15.0
KNeighborsClassifier,marichyasana i,0.64,0.8,0.5333333333333333,15.0
AdaBoostClassifier,marichyasana iii,0.0,0.0,0.0,10.0
QuadraticDiscriminantAnalysis,marichyasana iii,0.0,0.0,0.0,10.0
GaussianNB,marichyasana iii,0.4,0.3333333333333333,0.5,10.0
SVC,marichyasana iii,0.5,0.6666666666666666,0.4,10.0
DecisionTreeClassifier,marichyasana iii,0.5185185185185185,0.4117647058823529,0.7,10.0
MLPClassifier,marichyasana iii,0.5263157894736842,0.5555555555555556,0.5,10.0
KNeighborsClassifier,marichyasana iii,0.5555555555555556,0.625,0.5,10.0
RandomForestClassifier,marichyasana iii,0.5714285714285713,0.5454545454545454,0.6,10.0
AdaBoostClassifier,marjaryasana,0.0,0.0,0.0,14.0
QuadraticDiscriminantAnalysis,marjaryasana,0.0,0.0,0.0,14.0
DecisionTreeClassifier,marjaryasana,0.08333333333333333,0.1,0.07142857142857142,14.0
RandomForestClassifier,marjaryasana,0.4444444444444445,0.46153846153846156,0.42857142857142855,14.0
SVC,marjaryasana,0.5,0.5,0.5,14.0
MLPClassifier,marjaryasana,0.5333333333333333,0.5,0.5714285714285714,14.0
KNeighborsClassifier,marjaryasana,0.5454545454545454,0.47368421052631576,0.6428571428571429,14.0
GaussianNB,marjaryasana,0.5806451612903226,0.5294117647058824,0.6428571428571429,14.0
AdaBoostClassifier,matsyasana,0.0,0.0,0.0,17.0
QuadraticDiscriminantAnalysis,matsyasana,0.4347826086956522,0.8333333333333334,0.29411764705882354,17.0
DecisionTreeClassifier,matsyasana,0.55,0.4782608695652174,0.6470588235294118,17.0
KNeighborsClassifier,matsyasana,0.75,0.6521739130434783,0.8823529411764706,17.0
SVC,matsyasana,0.7999999999999999,0.7777777777777778,0.8235294117647058,17.0
GaussianNB,matsyasana,0.7999999999999999,0.6956521739130435,0.9411764705882353,17.0
MLPClassifier,matsyasana,0.8205128205128205,0.7272727272727273,0.9411764705882353,17.0
RandomForestClassifier,matsyasana,0.8421052631578947,0.7619047619047619,0.9411764705882353,17.0
AdaBoostClassifier,mayurasana,0.0,0.0,0.0,15.0
QuadraticDiscriminantAnalysis,mayurasana,0.0,0.0,0.0,15.0
GaussianNB,mayurasana,0.2424242424242424,0.2222222222222222,0.26666666666666666,15.0
DecisionTreeClassifier,mayurasana,0.26666666666666666,0.26666666666666666,0.26666666666666666,15.0
SVC,mayurasana,0.33333333333333337,0.4444444444444444,0.26666666666666666,15.0
MLPClassifier,mayurasana,0.4615384615384615,0.5454545454545454,0.4,15.0
RandomForestClassifier,mayurasana,0.606060606060606,0.5555555555555556,0.6666666666666666,15.0
KNeighborsClassifier,mayurasana,0.6666666666666666,0.6666666666666666,0.6666666666666666,15.0
AdaBoostClassifier,natarajasana,0.0,0.0,0.0,22.0
QuadraticDiscriminantAnalysis,natarajasana,0.48837209302325585,0.328125,0.9545454545454546,22.0
DecisionTreeClassifier,natarajasana,0.5238095238095238,0.55,0.5,22.0
GaussianNB,natarajasana,0.6818181818181818,0.6818181818181818,0.6818181818181818,22.0
SVC,natarajasana,0.8444444444444444,0.8260869565217391,0.8636363636363636,22.0
MLPClassifier,natarajasana,0.8636363636363636,0.8636363636363636,0.8636363636363636,22.0
RandomForestClassifier,natarajasana,0.8780487804878049,0.9473684210526315,0.8181818181818182,22.0
KNeighborsClassifier,natarajasana,0.888888888888889,0.8695652173913043,0.9090909090909091,22.0
SVC,padangusthasana,0.0,0.0,0.0,5.0
RandomForestClassifier,padangusthasana,0.0,0.0,0.0,5.0
MLPClassifier,padangusthasana,0.0,0.0,0.0,5.0
AdaBoostClassifier,padangusthasana,0.0,0.0,0.0,5.0
GaussianNB,padangusthasana,0.0,0.0,0.0,5.0
QuadraticDiscriminantAnalysis,padangusthasana,0.0,0.0,0.0,5.0
DecisionTreeClassifier,padangusthasana,0.15384615384615385,0.125,0.2,5.0
KNeighborsClassifier,padangusthasana,0.4444444444444445,0.5,0.4,5.0
AdaBoostClassifier,padmasana,0.0,0.0,0.0,20.0
DecisionTreeClassifier,padmasana,0.47619047619047616,0.45454545454545453,0.5,20.0
GaussianNB,padmasana,0.4848484848484849,0.6153846153846154,0.4,20.0
QuadraticDiscriminantAnalysis,padmasana,0.65,0.65,0.65,20.0
KNeighborsClassifier,padmasana,0.6976744186046512,0.6521739130434783,0.75,20.0
RandomForestClassifier,padmasana,0.7142857142857143,0.6818181818181818,0.75,20.0
SVC,padmasana,0.7647058823529412,0.9285714285714286,0.65,20.0
MLPClassifier,padmasana,0.7692307692307692,0.7894736842105263,0.75,20.0
AdaBoostClassifier,parighasana,0.0,0.0,0.0,13.0
QuadraticDiscriminantAnalysis,parighasana,0.0,0.0,0.0,13.0
DecisionTreeClassifier,parighasana,0.5714285714285714,0.75,0.46153846153846156,13.0
GaussianNB,parighasana,0.7407407407407408,0.7142857142857143,0.7692307692307693,13.0
MLPClassifier,parighasana,0.8461538461538461,0.8461538461538461,0.8461538461538461,13.0
KNeighborsClassifier,parighasana,0.8695652173913044,1.0,0.7692307692307693,13.0
SVC,parighasana,0.8799999999999999,0.9166666666666666,0.8461538461538461,13.0
RandomForestClassifier,parighasana,0.9166666666666666,1.0,0.8461538461538461,13.0
AdaBoostClassifier,paripurna navasana,0.0,0.0,0.0,20.0
QuadraticDiscriminantAnalysis,paripurna navasana,0.6101694915254238,0.46153846153846156,0.9,20.0
DecisionTreeClassifier,paripurna navasana,0.7647058823529412,0.9285714285714286,0.65,20.0
GaussianNB,paripurna navasana,0.7804878048780488,0.7619047619047619,0.8,20.0
RandomForestClassifier,paripurna navasana,0.8292682926829269,0.8095238095238095,0.85,20.0
KNeighborsClassifier,paripurna navasana,0.8837209302325583,0.8260869565217391,0.95,20.0
MLPClassifier,paripurna navasana,0.8947368421052632,0.9444444444444444,0.85,20.0
SVC,paripurna navasana,0.9230769230769231,0.9473684210526315,0.9,20.0
AdaBoostClassifier,parivrtta janu sirsasana,0.0,0.0,0.0,12.0
QuadraticDiscriminantAnalysis,parivrtta janu sirsasana,0.0,0.0,0.0,12.0
DecisionTreeClassifier,parivrtta janu sirsasana,0.380952380952381,0.4444444444444444,0.3333333333333333,12.0
RandomForestClassifier,parivrtta janu sirsasana,0.6206896551724139,0.5294117647058824,0.75,12.0
MLPClassifier,parivrtta janu sirsasana,0.64,0.6153846153846154,0.6666666666666666,12.0
GaussianNB,parivrtta janu sirsasana,0.6451612903225806,0.5263157894736842,0.8333333333333334,12.0
KNeighborsClassifier,parivrtta janu sirsasana,0.7142857142857143,0.625,0.8333333333333334,12.0
SVC,parivrtta janu sirsasana,0.7586206896551724,0.6470588235294118,0.9166666666666666,12.0
AdaBoostClassifier,parivrtta parsvakonasana,0.0,0.0,0.0,12.0
QuadraticDiscriminantAnalysis,parivrtta parsvakonasana,0.0,0.0,0.0,12.0
DecisionTreeClassifier,parivrtta parsvakonasana,0.3703703703703704,0.3333333333333333,0.4166666666666667,12.0
GaussianNB,parivrtta parsvakonasana,0.4615384615384615,0.42857142857142855,0.5,12.0
SVC,parivrtta parsvakonasana,0.5185185185185186,0.4666666666666667,0.5833333333333334,12.0
MLPClassifier,parivrtta parsvakonasana,0.5599999999999999,0.5384615384615384,0.5833333333333334,12.0
KNeighborsClassifier,parivrtta parsvakonasana,0.6086956521739131,0.6363636363636364,0.5833333333333334,12.0
RandomForestClassifier,parivrtta parsvakonasana,0.6086956521739131,0.6363636363636364,0.5833333333333334,12.0
AdaBoostClassifier,parivrtta trikonasana,0.0,0.0,0.0,19.0
GaussianNB,parivrtta trikonasana,0.372093023255814,0.3333333333333333,0.42105263157894735,19.0
DecisionTreeClassifier,parivrtta trikonasana,0.5142857142857142,0.5625,0.47368421052631576,19.0
MLPClassifier,parivrtta trikonasana,0.5882352941176471,0.6666666666666666,0.5263157894736842,19.0
QuadraticDiscriminantAnalysis,parivrtta trikonasana,0.6111111111111113,0.6470588235294118,0.5789473684210527,19.0
SVC,parivrtta trikonasana,0.6363636363636364,0.56,0.7368421052631579,19.0
KNeighborsClassifier,parivrtta trikonasana,0.6666666666666666,0.6086956521739131,0.7368421052631579,19.0
RandomForestClassifier,parivrtta trikonasana,0.6666666666666667,0.7058823529411765,0.631578947368421,19.0
AdaBoostClassifier,parsva bakasana,0.0,0.0,0.0,17.0
QuadraticDiscriminantAnalysis,parsva bakasana,0.3,0.19047619047619047,0.7058823529411765,17.0
DecisionTreeClassifier,parsva bakasana,0.33333333333333337,0.38461538461538464,0.29411764705882354,17.0
KNeighborsClassifier,parsva bakasana,0.4827586206896552,0.5833333333333334,0.4117647058823529,17.0
GaussianNB,parsva bakasana,0.5454545454545455,0.5625,0.5294117647058824,17.0
SVC,parsva bakasana,0.5882352941176471,0.5882352941176471,0.5882352941176471,17.0
MLPClassifier,parsva bakasana,0.6666666666666667,0.631578947368421,0.7058823529411765,17.0
RandomForestClassifier,parsva bakasana,0.7142857142857143,0.6,0.8823529411764706,17.0
AdaBoostClassifier,parsvottanasana,0.0,0.0,0.0,10.0
QuadraticDiscriminantAnalysis,parsvottanasana,0.0,0.0,0.0,10.0
DecisionTreeClassifier,parsvottanasana,0.2105263157894737,0.2222222222222222,0.2,10.0
GaussianNB,parsvottanasana,0.5,0.5,0.5,10.0
KNeighborsClassifier,parsvottanasana,0.588235294117647,0.7142857142857143,0.5,10.0
MLPClassifier,parsvottanasana,0.625,0.8333333333333334,0.5,10.0
SVC,parsvottanasana,0.6666666666666665,0.75,0.6,10.0
RandomForestClassifier,parsvottanasana,0.7058823529411764,0.8571428571428571,0.6,10.0
AdaBoostClassifier,pasasana,0.0,0.0,0.0,17.0
QuadraticDiscriminantAnalysis,pasasana,0.4166666666666667,0.7142857142857143,0.29411764705882354,17.0
DecisionTreeClassifier,pasasana,0.5454545454545455,0.5625,0.5294117647058824,17.0
GaussianNB,pasasana,0.5625,0.6,0.5294117647058824,17.0
KNeighborsClassifier,pasasana,0.6153846153846153,0.8888888888888888,0.47058823529411764,17.0
MLPClassifier,pasasana,0.6206896551724139,0.75,0.5294117647058824,17.0
SVC,pasasana,0.6666666666666667,0.7692307692307693,0.5882352941176471,17.0
RandomForestClassifier,pasasana,0.7586206896551724,0.9166666666666666,0.6470588235294118,17.0
AdaBoostClassifier,paschimottanasana,0.0,0.0,0.0,17.0
GaussianNB,paschimottanasana,0.48,0.75,0.35294117647058826,17.0
DecisionTreeClassifier,paschimottanasana,0.5333333333333333,0.6153846153846154,0.47058823529411764,17.0
MLPClassifier,paschimottanasana,0.625,0.6666666666666666,0.5882352941176471,17.0
RandomForestClassifier,paschimottanasana,0.6875,0.7333333333333333,0.6470588235294118,17.0
QuadraticDiscriminantAnalysis,paschimottanasana,0.7647058823529412,0.7647058823529411,0.7647058823529411,17.0
KNeighborsClassifier,paschimottanasana,0.7777777777777778,0.7368421052631579,0.8235294117647058,17.0
SVC,paschimottanasana,0.7999999999999999,0.7777777777777778,0.8235294117647058,17.0
AdaBoostClassifier,phalakasana,0.0,0.0,0.0,17.0
GaussianNB,phalakasana,0.0,0.0,0.0,17.0
MLPClassifier,phalakasana,0.0909090909090909,0.2,0.058823529411764705,17.0
QuadraticDiscriminantAnalysis,phalakasana,0.0909090909090909,0.2,0.058823529411764705,17.0
SVC,phalakasana,0.33333333333333337,0.3157894736842105,0.35294117647058826,17.0
DecisionTreeClassifier,phalakasana,0.34146341463414637,0.2916666666666667,0.4117647058823529,17.0
KNeighborsClassifier,phalakasana,0.35714285714285715,0.45454545454545453,0.29411764705882354,17.0
RandomForestClassifier,phalakasana,0.37037037037037035,0.5,0.29411764705882354,17.0
SVC,pincha mayurasana,0.0,0.0,0.0,10.0
AdaBoostClassifier,pincha mayurasana,0.0,0.0,0.0,10.0
QuadraticDiscriminantAnalysis,pincha mayurasana,0.0,0.0,0.0,10.0
GaussianNB,pincha mayurasana,0.45714285714285713,0.32,0.8,10.0
MLPClassifier,pincha mayurasana,0.4615384615384615,1.0,0.3,10.0
RandomForestClassifier,pincha mayurasana,0.6363636363636365,0.5833333333333334,0.7,10.0
DecisionTreeClassifier,pincha mayurasana,0.6666666666666666,1.0,0.5,10.0
KNeighborsClassifier,pincha mayurasana,0.6956521739130435,0.6153846153846154,0.8,10.0
AdaBoostClassifier,prasarita padottanasana,0.0,0.0,0.0,20.0
QuadraticDiscriminantAnalysis,prasarita padottanasana,0.7647058823529412,0.9285714285714286,0.65,20.0
MLPClassifier,prasarita padottanasana,0.8571428571428572,0.8181818181818182,0.9,20.0
DecisionTreeClassifier,prasarita padottanasana,0.8648648648648648,0.9411764705882353,0.8,20.0
RandomForestClassifier,prasarita padottanasana,0.8717948717948718,0.8947368421052632,0.85,20.0
GaussianNB,prasarita padottanasana,0.8717948717948718,0.8947368421052632,0.85,20.0
SVC,prasarita padottanasana,0.9,0.9,0.9,20.0
KNeighborsClassifier,prasarita padottanasana,0.9189189189189189,1.0,0.85,20.0
AdaBoostClassifier,purvottanasana,0.0,0.0,0.0,19.0
DecisionTreeClassifier,purvottanasana,0.6470588235294117,0.7333333333333333,0.5789473684210527,19.0
GaussianNB,purvottanasana,0.6666666666666666,0.5769230769230769,0.7894736842105263,19.0
MLPClassifier,purvottanasana,0.7804878048780488,0.7272727272727273,0.8421052631578947,19.0
QuadraticDiscriminantAnalysis,purvottanasana,0.7878787878787878,0.9285714285714286,0.6842105263157895,19.0
SVC,purvottanasana,0.7906976744186046,0.7083333333333334,0.8947368421052632,19.0
RandomForestClassifier,purvottanasana,0.8095238095238095,0.7391304347826086,0.8947368421052632,19.0
KNeighborsClassifier,purvottanasana,0.8500000000000001,0.8095238095238095,0.8947368421052632,19.0
AdaBoostClassifier,salabhasana,0.0,0.0,0.0,17.0
GaussianNB,salabhasana,0.39999999999999997,0.3888888888888889,0.4117647058823529,17.0
DecisionTreeClassifier,salabhasana,0.5625,0.6,0.5294117647058824,17.0
MLPClassifier,salabhasana,0.7,0.6086956521739131,0.8235294117647058,17.0
QuadraticDiscriminantAnalysis,salabhasana,0.7586206896551724,0.9166666666666666,0.6470588235294118,17.0
SVC,salabhasana,0.8000000000000002,0.9230769230769231,0.7058823529411765,17.0
RandomForestClassifier,salabhasana,0.8387096774193549,0.9285714285714286,0.7647058823529411,17.0
KNeighborsClassifier,salabhasana,0.8484848484848485,0.875,0.8235294117647058,17.0
AdaBoostClassifier,salamba bhujangasana,0.0,0.0,0.0,17.0
QuadraticDiscriminantAnalysis,salamba bhujangasana,0.1,0.3333333333333333,0.058823529411764705,17.0
GaussianNB,salamba bhujangasana,0.36842105263157887,0.3333333333333333,0.4117647058823529,17.0
DecisionTreeClassifier,salamba bhujangasana,0.4666666666666667,0.5384615384615384,0.4117647058823529,17.0
RandomForestClassifier,salamba bhujangasana,0.5714285714285715,0.5555555555555556,0.5882352941176471,17.0
MLPClassifier,salamba bhujangasana,0.6060606060606061,0.625,0.5882352941176471,17.0
SVC,salamba bhujangasana,0.6666666666666667,0.7692307692307693,0.5882352941176471,17.0
KNeighborsClassifier,salamba bhujangasana,0.6875,0.7333333333333333,0.6470588235294118,17.0
AdaBoostClassifier,salamba sarvangasana,0.3305785123966942,0.19801980198019803,1.0,20.0
QuadraticDiscriminantAnalysis,salamba sarvangasana,0.6285714285714286,0.7333333333333333,0.55,20.0
DecisionTreeClassifier,salamba sarvangasana,0.631578947368421,0.6666666666666666,0.6,20.0
GaussianNB,salamba sarvangasana,0.6829268292682926,0.6666666666666666,0.7,20.0
MLPClassifier,salamba sarvangasana,0.7777777777777777,0.875,0.7,20.0
SVC,salamba sarvangasana,0.7804878048780488,0.7619047619047619,0.8,20.0
KNeighborsClassifier,salamba sarvangasana,0.8205128205128205,0.8421052631578947,0.8,20.0
RandomForestClassifier,salamba sarvangasana,0.8947368421052632,0.9444444444444444,0.85,20.0
AdaBoostClassifier,salamba sirsasana,0.16666666666666666,0.3333333333333333,0.1111111111111111,18.0
GaussianNB,salamba sirsasana,0.23076923076923078,0.375,0.16666666666666666,18.0
DecisionTreeClassifier,salamba sirsasana,0.5714285714285715,0.5882352941176471,0.5555555555555556,18.0
KNeighborsClassifier,salamba sirsasana,0.6,0.75,0.5,18.0
SVC,salamba sirsasana,0.6086956521739131,0.5,0.7777777777777778,18.0
MLPClassifier,salamba sirsasana,0.6382978723404256,0.5172413793103449,0.8333333333333334,18.0
QuadraticDiscriminantAnalysis,salamba sirsasana,0.7317073170731708,0.6521739130434783,0.8333333333333334,18.0
RandomForestClassifier,salamba sirsasana,0.75,0.8571428571428571,0.6666666666666666,18.0
AdaBoostClassifier,savasana,0.0,0.0,0.0,17.0
QuadraticDiscriminantAnalysis,savasana,0.45454545454545453,1.0,0.29411764705882354,17.0
DecisionTreeClassifier,savasana,0.5,0.5333333333333333,0.47058823529411764,17.0
GaussianNB,savasana,0.5185185185185185,0.7,0.4117647058823529,17.0
MLPClassifier,savasana,0.5714285714285713,0.48,0.7058823529411765,17.0
RandomForestClassifier,savasana,0.5853658536585366,0.5,0.7058823529411765,17.0
KNeighborsClassifier,savasana,0.6315789473684211,0.5714285714285714,0.7058823529411765,17.0
SVC,savasana,0.6666666666666667,0.631578947368421,0.7058823529411765,17.0
AdaBoostClassifier,setu bandha sarvangasana,0.0,0.0,0.0,17.0
QuadraticDiscriminantAnalysis,setu bandha sarvangasana,0.7142857142857143,0.9090909090909091,0.5882352941176471,17.0
KNeighborsClassifier,setu bandha sarvangasana,0.8823529411764706,0.8823529411764706,0.8823529411764706,17.0
RandomForestClassifier,setu bandha sarvangasana,0.9090909090909091,0.9375,0.8823529411764706,17.0
GaussianNB,setu bandha sarvangasana,0.9090909090909091,0.9375,0.8823529411764706,17.0
SVC,setu bandha sarvangasana,0.9142857142857143,0.8888888888888888,0.9411764705882353,17.0
MLPClassifier,setu bandha sarvangasana,0.9142857142857143,0.8888888888888888,0.9411764705882353,17.0
DecisionTreeClassifier,setu bandha sarvangasana,0.9375,1.0,0.8823529411764706,17.0
AdaBoostClassifier,simhasana,0.0,0.0,0.0,15.0
QuadraticDiscriminantAnalysis,simhasana,0.0,0.0,0.0,15.0
GaussianNB,simhasana,0.4827586206896552,0.5,0.4666666666666667,15.0
DecisionTreeClassifier,simhasana,0.5454545454545454,0.5,0.6,15.0
KNeighborsClassifier,simhasana,0.5882352941176471,0.5263157894736842,0.6666666666666666,15.0
SVC,simhasana,0.5945945945945945,0.5,0.7333333333333333,15.0
RandomForestClassifier,simhasana,0.611111111111111,0.5238095238095238,0.7333333333333333,15.0
MLPClassifier,simhasana,0.6285714285714286,0.55,0.7333333333333333,15.0
AdaBoostClassifier,sukhasana,0.0,0.0,0.0,15.0
QuadraticDiscriminantAnalysis,sukhasana,0.0,0.0,0.0,15.0
DecisionTreeClassifier,sukhasana,0.5625,0.5294117647058824,0.6,15.0
SVC,sukhasana,0.6363636363636364,0.4827586206896552,0.9333333333333333,15.0
KNeighborsClassifier,sukhasana,0.6875,0.6470588235294118,0.7333333333333333,15.0
RandomForestClassifier,sukhasana,0.7272727272727272,0.6666666666666666,0.8,15.0
MLPClassifier,sukhasana,0.7647058823529413,0.6842105263157895,0.8666666666666667,15.0
GaussianNB,sukhasana,0.7857142857142856,0.8461538461538461,0.7333333333333333,15.0
AdaBoostClassifier,supta baddha konasana,0.0,0.0,0.0,21.0
DecisionTreeClassifier,supta baddha konasana,0.3111111111111111,0.2916666666666667,0.3333333333333333,21.0
MLPClassifier,supta baddha konasana,0.4324324324324324,0.5,0.38095238095238093,21.0
QuadraticDiscriminantAnalysis,supta baddha konasana,0.43333333333333335,0.3333333333333333,0.6190476190476191,21.0
GaussianNB,supta baddha konasana,0.44,0.3793103448275862,0.5238095238095238,21.0
RandomForestClassifier,supta baddha konasana,0.45,0.47368421052631576,0.42857142857142855,21.0
KNeighborsClassifier,supta baddha konasana,0.5531914893617021,0.5,0.6190476190476191,21.0
SVC,supta baddha konasana,0.5909090909090909,0.5652173913043478,0.6190476190476191,21.0
AdaBoostClassifier,supta matsyendrasana,0.0,0.0,0.0,16.0
GaussianNB,supta matsyendrasana,0.16666666666666666,0.25,0.125,16.0
MLPClassifier,supta matsyendrasana,0.25,0.375,0.1875,16.0
DecisionTreeClassifier,supta matsyendrasana,0.39999999999999997,0.3684210526315789,0.4375,16.0
KNeighborsClassifier,supta matsyendrasana,0.4827586206896552,0.5384615384615384,0.4375,16.0
RandomForestClassifier,supta matsyendrasana,0.5185185185185185,0.6363636363636364,0.4375,16.0
QuadraticDiscriminantAnalysis,supta matsyendrasana,0.5185185185185185,0.6363636363636364,0.4375,16.0
SVC,supta matsyendrasana,0.742857142857143,0.6842105263157895,0.8125,16.0
AdaBoostClassifier,supta padangusthasana,0.0,0.0,0.0,19.0
DecisionTreeClassifier,supta padangusthasana,0.41025641025641024,0.4,0.42105263157894735,19.0
GaussianNB,supta padangusthasana,0.47368421052631576,0.47368421052631576,0.47368421052631576,19.0
QuadraticDiscriminantAnalysis,supta padangusthasana,0.49056603773584906,0.38235294117647056,0.6842105263157895,19.0
MLPClassifier,supta padangusthasana,0.6285714285714286,0.6875,0.5789473684210527,19.0
SVC,supta padangusthasana,0.6470588235294117,0.7333333333333333,0.5789473684210527,19.0
KNeighborsClassifier,supta padangusthasana,0.7096774193548387,0.9166666666666666,0.5789473684210527,19.0
RandomForestClassifier,supta padangusthasana,0.7567567567567567,0.7777777777777778,0.7368421052631579,19.0
AdaBoostClassifier,supta virasana,0.0,0.0,0.0,18.0
QuadraticDiscriminantAnalysis,supta virasana,0.4347826086956522,1.0,0.2777777777777778,18.0
GaussianNB,supta virasana,0.4444444444444444,0.4444444444444444,0.4444444444444444,18.0
DecisionTreeClassifier,supta virasana,0.45714285714285713,0.47058823529411764,0.4444444444444444,18.0
MLPClassifier,supta virasana,0.4736842105263158,0.45,0.5,18.0
RandomForestClassifier,supta virasana,0.7999999999999999,0.8235294117647058,0.7777777777777778,18.0
SVC,supta virasana,0.8205128205128205,0.7619047619047619,0.8888888888888888,18.0
KNeighborsClassifier,supta virasana,0.8648648648648649,0.8421052631578947,0.8888888888888888,18.0
AdaBoostClassifier,tadasana,0.0,0.0,0.0,17.0
QuadraticDiscriminantAnalysis,tadasana,0.2857142857142857,0.75,0.17647058823529413,17.0
DecisionTreeClassifier,tadasana,0.3448275862068966,0.4166666666666667,0.29411764705882354,17.0
SVC,tadasana,0.5185185185185185,0.7,0.4117647058823529,17.0
MLPClassifier,tadasana,0.5806451612903226,0.6428571428571429,0.5294117647058824,17.0
GaussianNB,tadasana,0.6153846153846153,0.8888888888888888,0.47058823529411764,17.0
KNeighborsClassifier,tadasana,0.6285714285714287,0.6111111111111112,0.6470588235294118,17.0
RandomForestClassifier,tadasana,0.7333333333333334,0.8461538461538461,0.6470588235294118,17.0
AdaBoostClassifier,tittibhasana,0.0,0.0,0.0,17.0
DecisionTreeClassifier,tittibhasana,0.3225806451612903,0.35714285714285715,0.29411764705882354,17.0
QuadraticDiscriminantAnalysis,tittibhasana,0.4827586206896552,0.5833333333333334,0.4117647058823529,17.0
SVC,tittibhasana,0.6857142857142857,0.6666666666666666,0.7058823529411765,17.0
MLPClassifier,tittibhasana,0.6875,0.7333333333333333,0.6470588235294118,17.0
RandomForestClassifier,tittibhasana,0.7,0.6086956521739131,0.8235294117647058,17.0
GaussianNB,tittibhasana,0.7027027027027027,0.65,0.7647058823529411,17.0
KNeighborsClassifier,tittibhasana,0.7999999999999999,0.7777777777777778,0.8235294117647058,17.0
AdaBoostClassifier,tolasana,0.0,0.0,0.0,18.0
DecisionTreeClassifier,tolasana,0.375,0.42857142857142855,0.3333333333333333,18.0
QuadraticDiscriminantAnalysis,tolasana,0.5,0.5714285714285714,0.4444444444444444,18.0
GaussianNB,tolasana,0.5172413793103448,0.375,0.8333333333333334,18.0
KNeighborsClassifier,tolasana,0.5714285714285715,0.5882352941176471,0.5555555555555556,18.0
RandomForestClassifier,tolasana,0.5945945945945946,0.5789473684210527,0.6111111111111112,18.0
MLPClassifier,tolasana,0.6470588235294118,0.6875,0.6111111111111112,18.0
SVC,tolasana,0.6956521739130435,0.5714285714285714,0.8888888888888888,18.0
KNeighborsClassifier,tulasana,0.0,0.0,0.0,9.0
SVC,tulasana,0.0,0.0,0.0,9.0
RandomForestClassifier,tulasana,0.0,0.0,0.0,9.0
AdaBoostClassifier,tulasana,0.0,0.0,0.0,9.0
QuadraticDiscriminantAnalysis,tulasana,0.0,0.0,0.0,9.0
DecisionTreeClassifier,tulasana,0.2222222222222222,0.2222222222222222,0.2222222222222222,9.0
MLPClassifier,tulasana,0.3157894736842105,0.3,0.3333333333333333,9.0
GaussianNB,tulasana,0.3157894736842105,0.3,0.3333333333333333,9.0
AdaBoostClassifier,upavistha konasana,0.0,0.0,0.0,18.0
GaussianNB,upavistha konasana,0.08,0.14285714285714285,0.05555555555555555,18.0
QuadraticDiscriminantAnalysis,upavistha konasana,0.45161290322580644,0.5384615384615384,0.3888888888888889,18.0
DecisionTreeClassifier,upavistha konasana,0.4848484848484848,0.5333333333333333,0.4444444444444444,18.0
MLPClassifier,upavistha konasana,0.5405405405405405,0.5263157894736842,0.5555555555555556,18.0
SVC,upavistha konasana,0.55,0.5,0.6111111111111112,18.0
KNeighborsClassifier,upavistha konasana,0.6470588235294118,0.6875,0.6111111111111112,18.0
RandomForestClassifier,upavistha konasana,0.7096774193548387,0.8461538461538461,0.6111111111111112,18.0
AdaBoostClassifier,urdhva dhanurasana,0.0,0.0,0.0,20.0
QuadraticDiscriminantAnalysis,urdhva dhanurasana,0.4126984126984127,0.3023255813953488,0.65,20.0
DecisionTreeClassifier,urdhva dhanurasana,0.5789473684210527,0.6111111111111112,0.55,20.0
RandomForestClassifier,urdhva dhanurasana,0.8108108108108107,0.8823529411764706,0.75,20.0
GaussianNB,urdhva dhanurasana,0.8108108108108107,0.8823529411764706,0.75,20.0
KNeighborsClassifier,urdhva dhanurasana,0.8333333333333334,0.9375,0.75,20.0
SVC,urdhva dhanurasana,0.8333333333333334,0.9375,0.75,20.0
MLPClassifier,urdhva dhanurasana,0.8421052631578948,0.8888888888888888,0.8,20.0
AdaBoostClassifier,urdhva hastasana,0.0,0.0,0.0,14.0
QuadraticDiscriminantAnalysis,urdhva hastasana,0.0,0.0,0.0,14.0
GaussianNB,urdhva hastasana,0.5185185185185186,0.5384615384615384,0.5,14.0
DecisionTreeClassifier,urdhva hastasana,0.5384615384615384,0.5833333333333334,0.5,14.0
KNeighborsClassifier,urdhva hastasana,0.7142857142857143,0.7142857142857143,0.7142857142857143,14.0
MLPClassifier,urdhva hastasana,0.7272727272727273,0.631578947368421,0.8571428571428571,14.0
SVC,urdhva hastasana,0.7333333333333334,0.6875,0.7857142857142857,14.0
RandomForestClassifier,urdhva hastasana,0.7857142857142857,0.7857142857142857,0.7857142857142857,14.0
AdaBoostClassifier,urdhva mukha svanasana,0.0,0.0,0.0,19.0
DecisionTreeClassifier,urdhva mukha svanasana,0.42105263157894735,0.42105263157894735,0.42105263157894735,19.0
QuadraticDiscriminantAnalysis,urdhva mukha svanasana,0.5333333333333333,0.7272727272727273,0.42105263157894735,19.0
GaussianNB,urdhva mukha svanasana,0.6296296296296297,0.4857142857142857,0.8947368421052632,19.0
MLPClassifier,urdhva mukha svanasana,0.7391304347826088,0.6296296296296297,0.8947368421052632,19.0
RandomForestClassifier,urdhva mukha svanasana,0.7555555555555555,0.6538461538461539,0.8947368421052632,19.0
SVC,urdhva mukha svanasana,0.7804878048780488,0.7272727272727273,0.8421052631578947,19.0
KNeighborsClassifier,urdhva mukha svanasana,0.8292682926829269,0.7727272727272727,0.8947368421052632,19.0
AdaBoostClassifier,urdhva prasarita eka padasana,0.12,0.08823529411764706,0.1875,16.0
QuadraticDiscriminantAnalysis,urdhva prasarita eka padasana,0.34782608695652173,0.5714285714285714,0.25,16.0
DecisionTreeClassifier,urdhva prasarita eka padasana,0.5,0.5,0.5,16.0
GaussianNB,urdhva prasarita eka padasana,0.5128205128205128,0.43478260869565216,0.625,16.0
MLPClassifier,urdhva prasarita eka padasana,0.625,0.625,0.625,16.0
RandomForestClassifier,urdhva prasarita eka padasana,0.6875,0.6875,0.6875,16.0
KNeighborsClassifier,urdhva prasarita eka padasana,0.7142857142857143,0.8333333333333334,0.625,16.0
SVC,urdhva prasarita eka padasana,0.7142857142857143,0.8333333333333334,0.625,16.0
AdaBoostClassifier,ustrasana,0.0,0.0,0.0,26.0
DecisionTreeClassifier,ustrasana,0.8400000000000001,0.875,0.8076923076923077,26.0
GaussianNB,ustrasana,0.8846153846153846,0.8846153846153846,0.8846153846153846,26.0
QuadraticDiscriminantAnalysis,ustrasana,0.888888888888889,0.8571428571428571,0.9230769230769231,26.0
RandomForestClassifier,ustrasana,0.9019607843137256,0.92,0.8846153846153846,26.0
MLPClassifier,ustrasana,0.9019607843137256,0.92,0.8846153846153846,26.0
SVC,ustrasana,0.9387755102040816,1.0,0.8846153846153846,26.0
KNeighborsClassifier,ustrasana,0.9600000000000001,1.0,0.9230769230769231,26.0
AdaBoostClassifier,utkatasana,0.0,0.0,0.0,22.0
QuadraticDiscriminantAnalysis,utkatasana,0.64,0.5714285714285714,0.7272727272727273,22.0
DecisionTreeClassifier,utkatasana,0.6666666666666666,0.7,0.6363636363636364,22.0
GaussianNB,utkatasana,0.6842105263157896,0.8125,0.5909090909090909,22.0
RandomForestClassifier,utkatasana,0.8163265306122449,0.7407407407407407,0.9090909090909091,22.0
KNeighborsClassifier,utkatasana,0.8333333333333333,0.7692307692307693,0.9090909090909091,22.0
MLPClassifier,utkatasana,0.8333333333333333,0.7692307692307693,0.9090909090909091,22.0
SVC,utkatasana,0.846153846153846,0.7333333333333333,1.0,22.0
AdaBoostClassifier,uttana shishosana,0.0,0.0,0.0,15.0
QuadraticDiscriminantAnalysis,uttana shishosana,0.0,0.0,0.0,15.0
DecisionTreeClassifier,uttana shishosana,0.6470588235294117,0.5789473684210527,0.7333333333333333,15.0
GaussianNB,uttana shishosana,0.7096774193548386,0.6875,0.7333333333333333,15.0
KNeighborsClassifier,uttana shishosana,0.8275862068965518,0.8571428571428571,0.8,15.0
MLPClassifier,uttana shishosana,0.8666666666666667,0.8666666666666667,0.8666666666666667,15.0
RandomForestClassifier,uttana shishosana,0.8749999999999999,0.8235294117647058,0.9333333333333333,15.0
SVC,uttana shishosana,0.896551724137931,0.9285714285714286,0.8666666666666667,15.0
AdaBoostClassifier,uttanasana,0.0,0.0,0.0,19.0
DecisionTreeClassifier,uttanasana,0.35294117647058826,0.4,0.3157894736842105,19.0
QuadraticDiscriminantAnalysis,uttanasana,0.5142857142857142,0.5625,0.47368421052631576,19.0
RandomForestClassifier,uttanasana,0.5365853658536586,0.5,0.5789473684210527,19.0
GaussianNB,uttanasana,0.5500000000000002,0.5238095238095238,0.5789473684210527,19.0
MLPClassifier,uttanasana,0.5641025641025641,0.55,0.5789473684210527,19.0
SVC,uttanasana,0.5945945945945946,0.6111111111111112,0.5789473684210527,19.0
KNeighborsClassifier,uttanasana,0.6060606060606061,0.7142857142857143,0.5263157894736842,19.0
KNeighborsClassifier,utthita ashwa sanchalanasana,0.0,0.0,0.0,11.0
SVC,utthita ashwa sanchalanasana,0.0,0.0,0.0,11.0
AdaBoostClassifier,utthita ashwa sanchalanasana,0.0,0.0,0.0,11.0
QuadraticDiscriminantAnalysis,utthita ashwa sanchalanasana,0.0,0.0,0.0,11.0
DecisionTreeClassifier,utthita ashwa sanchalanasana,0.125,0.09523809523809523,0.18181818181818182,11.0
RandomForestClassifier,utthita ashwa sanchalanasana,0.23529411764705885,0.3333333333333333,0.18181818181818182,11.0
GaussianNB,utthita ashwa sanchalanasana,0.33333333333333326,0.42857142857142855,0.2727272727272727,11.0
MLPClassifier,utthita ashwa sanchalanasana,0.380952380952381,0.4,0.36363636363636365,11.0
AdaBoostClassifier,utthita hasta padangustasana,0.0,0.0,0.0,18.0
DecisionTreeClassifier,utthita hasta padangustasana,0.6829268292682927,0.6086956521739131,0.7777777777777778,18.0
QuadraticDiscriminantAnalysis,utthita hasta padangustasana,0.7142857142857143,1.0,0.5555555555555556,18.0
GaussianNB,utthita hasta padangustasana,0.7272727272727274,0.6153846153846154,0.8888888888888888,18.0
SVC,utthita hasta padangustasana,0.8421052631578948,0.8,0.8888888888888888,18.0
MLPClassifier,utthita hasta padangustasana,0.8648648648648649,0.8421052631578947,0.8888888888888888,18.0
RandomForestClassifier,utthita hasta padangustasana,0.8717948717948718,0.8095238095238095,0.9444444444444444,18.0
KNeighborsClassifier,utthita hasta padangustasana,0.8888888888888888,0.8888888888888888,0.8888888888888888,18.0
AdaBoostClassifier,utthita parsvakonasana,0.0,0.0,0.0,19.0
SVC,utthita parsvakonasana,0.5641025641025641,0.55,0.5789473684210527,19.0
MLPClassifier,utthita parsvakonasana,0.5641025641025641,0.55,0.5789473684210527,19.0
GaussianNB,utthita parsvakonasana,0.5641025641025641,0.55,0.5789473684210527,19.0
DecisionTreeClassifier,utthita parsvakonasana,0.5853658536585366,0.5454545454545454,0.631578947368421,19.0
KNeighborsClassifier,utthita parsvakonasana,0.5945945945945946,0.6111111111111112,0.5789473684210527,19.0
RandomForestClassifier,utthita parsvakonasana,0.6470588235294117,0.7333333333333333,0.5789473684210527,19.0
QuadraticDiscriminantAnalysis,utthita parsvakonasana,0.6500000000000001,0.6190476190476191,0.6842105263157895,19.0
AdaBoostClassifier,utthita trikonasana,0.0,0.0,0.0,21.0
DecisionTreeClassifier,utthita trikonasana,0.5,0.4444444444444444,0.5714285714285714,21.0
GaussianNB,utthita trikonasana,0.6122448979591837,0.5357142857142857,0.7142857142857143,21.0
QuadraticDiscriminantAnalysis,utthita trikonasana,0.6938775510204083,0.6071428571428571,0.8095238095238095,21.0
RandomForestClassifier,utthita trikonasana,0.6956521739130435,0.64,0.7619047619047619,21.0
SVC,utthita trikonasana,0.7599999999999999,0.6551724137931034,0.9047619047619048,21.0
MLPClassifier,utthita trikonasana,0.8163265306122449,0.7142857142857143,0.9523809523809523,21.0
KNeighborsClassifier,utthita trikonasana,0.8444444444444444,0.7916666666666666,0.9047619047619048,21.0
AdaBoostClassifier,vajrasana,0.0,0.0,0.0,16.0
QuadraticDiscriminantAnalysis,vajrasana,0.11764705882352941,1.0,0.0625,16.0
DecisionTreeClassifier,vajrasana,0.35714285714285715,0.4166666666666667,0.3125,16.0
SVC,vajrasana,0.4680851063829787,0.3548387096774194,0.6875,16.0
KNeighborsClassifier,vajrasana,0.5128205128205128,0.43478260869565216,0.625,16.0
RandomForestClassifier,vajrasana,0.6153846153846153,0.5217391304347826,0.75,16.0
GaussianNB,vajrasana,0.6285714285714286,0.5789473684210527,0.6875,16.0
MLPClassifier,vajrasana,0.631578947368421,0.5454545454545454,0.75,16.0
AdaBoostClassifier,vasisthasana,0.0,0.0,0.0,22.0
GaussianNB,vasisthasana,0.4313725490196078,0.3793103448275862,0.5,22.0
QuadraticDiscriminantAnalysis,vasisthasana,0.4473684210526316,0.3148148148148148,0.7727272727272727,22.0
DecisionTreeClassifier,vasisthasana,0.52,0.4642857142857143,0.5909090909090909,22.0
MLPClassifier,vasisthasana,0.64,0.5714285714285714,0.7272727272727273,22.0
KNeighborsClassifier,vasisthasana,0.7499999999999999,0.8333333333333334,0.6818181818181818,22.0
SVC,vasisthasana,0.7499999999999999,0.8333333333333334,0.6818181818181818,22.0
RandomForestClassifier,vasisthasana,0.7500000000000001,0.6923076923076923,0.8181818181818182,22.0
AdaBoostClassifier,viparita karani,0.0,0.0,0.0,21.0
DecisionTreeClassifier,viparita karani,0.5833333333333334,0.5185185185185185,0.6666666666666666,21.0
QuadraticDiscriminantAnalysis,viparita karani,0.6206896551724138,0.4864864864864865,0.8571428571428571,21.0
RandomForestClassifier,viparita karani,0.7906976744186046,0.7727272727272727,0.8095238095238095,21.0
GaussianNB,viparita karani,0.8181818181818182,0.782608695652174,0.8571428571428571,21.0
KNeighborsClassifier,viparita karani,0.8292682926829269,0.85,0.8095238095238095,21.0
SVC,viparita karani,0.8372093023255814,0.8181818181818182,0.8571428571428571,21.0
MLPClassifier,viparita karani,0.8444444444444444,0.7916666666666666,0.9047619047619048,21.0
AdaBoostClassifier,virabhadrasana i,0.0,0.0,0.0,17.0
DecisionTreeClassifier,virabhadrasana i,0.45161290322580644,0.5,0.4117647058823529,17.0
QuadraticDiscriminantAnalysis,virabhadrasana i,0.48,0.75,0.35294117647058826,17.0
GaussianNB,virabhadrasana i,0.608695652173913,0.4827586206896552,0.8235294117647058,17.0
KNeighborsClassifier,virabhadrasana i,0.6486486486486486,0.6,0.7058823529411765,17.0
SVC,virabhadrasana i,0.6829268292682927,0.5833333333333334,0.8235294117647058,17.0
MLPClassifier,virabhadrasana i,0.717948717948718,0.6363636363636364,0.8235294117647058,17.0
RandomForestClassifier,virabhadrasana i,0.7317073170731708,0.625,0.8823529411764706,17.0
AdaBoostClassifier,virabhadrasana ii,0.0,0.0,0.0,17.0
QuadraticDiscriminantAnalysis,virabhadrasana ii,0.38095238095238093,1.0,0.23529411764705882,17.0
KNeighborsClassifier,virabhadrasana ii,0.8648648648648648,0.8,0.9411764705882353,17.0
SVC,virabhadrasana ii,0.9090909090909091,0.9375,0.8823529411764706,17.0
MLPClassifier,virabhadrasana ii,0.9090909090909091,0.9375,0.8823529411764706,17.0
DecisionTreeClassifier,virabhadrasana ii,0.9142857142857143,0.8888888888888888,0.9411764705882353,17.0
GaussianNB,virabhadrasana ii,0.9375,1.0,0.8823529411764706,17.0
RandomForestClassifier,virabhadrasana ii,0.9714285714285714,0.9444444444444444,1.0,17.0
AdaBoostClassifier,virabhadrasana iii,0.0,0.0,0.0,18.0
DecisionTreeClassifier,virabhadrasana iii,0.6666666666666667,0.5555555555555556,0.8333333333333334,18.0
QuadraticDiscriminantAnalysis,virabhadrasana iii,0.717948717948718,0.6666666666666666,0.7777777777777778,18.0
RandomForestClassifier,virabhadrasana iii,0.7727272727272727,0.6538461538461539,0.9444444444444444,18.0
MLPClassifier,virabhadrasana iii,0.8108108108108109,0.7894736842105263,0.8333333333333334,18.0
GaussianNB,virabhadrasana iii,0.8421052631578948,0.8,0.8888888888888888,18.0
KNeighborsClassifier,virabhadrasana iii,0.8648648648648649,0.8421052631578947,0.8888888888888888,18.0
SVC,virabhadrasana iii,0.8648648648648649,0.8421052631578947,0.8888888888888888,18.0
SVC,virasana,0.0,0.0,0.0,15.0
AdaBoostClassifier,virasana,0.0,0.0,0.0,15.0
QuadraticDiscriminantAnalysis,virasana,0.0,0.0,0.0,15.0
MLPClassifier,virasana,0.07692307692307691,0.09090909090909091,0.06666666666666667,15.0
GaussianNB,virasana,0.08695652173913045,0.125,0.06666666666666667,15.0
RandomForestClassifier,virasana,0.19047619047619044,0.3333333333333333,0.13333333333333333,15.0
KNeighborsClassifier,virasana,0.26086956521739135,0.375,0.2,15.0
DecisionTreeClassifier,virasana,0.303030303030303,0.2777777777777778,0.3333333333333333,15.0
AdaBoostClassifier,vriksasana,0.0,0.0,0.0,19.0
GaussianNB,vriksasana,0.6060606060606061,0.7142857142857143,0.5263157894736842,19.0
DecisionTreeClassifier,vriksasana,0.6153846153846154,0.6,0.631578947368421,19.0
QuadraticDiscriminantAnalysis,vriksasana,0.6428571428571429,1.0,0.47368421052631576,19.0
SVC,vriksasana,0.8205128205128205,0.8,0.8421052631578947,19.0
MLPClassifier,vriksasana,0.8947368421052632,0.8947368421052632,0.8947368421052632,19.0
KNeighborsClassifier,vriksasana,0.9047619047619047,0.8260869565217391,1.0,19.0
RandomForestClassifier,vriksasana,0.9500000000000001,0.9047619047619048,1.0,19.0
AdaBoostClassifier,vrischikasana,0.0,0.0,0.0,15.0
QuadraticDiscriminantAnalysis,vrischikasana,0.5185185185185186,0.5833333333333334,0.4666666666666667,15.0
DecisionTreeClassifier,vrischikasana,0.6875,0.6470588235294118,0.7333333333333333,15.0
KNeighborsClassifier,vrischikasana,0.8,0.7,0.9333333333333333,15.0
MLPClassifier,vrischikasana,0.8125,0.7647058823529411,0.8666666666666667,15.0
GaussianNB,vrischikasana,0.8484848484848485,0.7777777777777778,0.9333333333333333,15.0
RandomForestClassifier,vrischikasana,0.8666666666666667,0.8666666666666667,0.8666666666666667,15.0
SVC,vrischikasana,0.9090909090909091,0.8333333333333334,1.0,15.0
AdaBoostClassifier,weighted avg,0.007693419558353852,0.007996186710574612,0.029460811561978877,1799.0
QuadraticDiscriminantAnalysis,weighted avg,0.39317573946560186,0.44485763563412484,0.43746525847693163,1799.0
DecisionTreeClassifier,weighted avg,0.49461894729609934,0.5047158689879799,0.4963868816008894,1799.0
GaussianNB,weighted avg,0.5564708908323615,0.5727917451337736,0.5742078932740411,1799.0
MLPClassifier,weighted avg,0.6706938286966514,0.6809875326467395,0.6814897165091718,1799.0
SVC,weighted avg,0.6766854076599557,0.6889591365372408,0.6964980544747081,1799.0
KNeighborsClassifier,weighted avg,0.7032956927140757,0.7146844468803276,0.7115063924402446,1799.0
RandomForestClassifier,weighted avg,0.7069358854689016,0.7151020538302008,0.7142857142857143,1799.0
AdaBoostClassifier,yoganidrasana,0.0,0.0,0.0,14.0
QuadraticDiscriminantAnalysis,yoganidrasana,0.0,0.0,0.0,14.0
DecisionTreeClassifier,yoganidrasana,0.2608695652173913,0.3333333333333333,0.21428571428571427,14.0
GaussianNB,yoganidrasana,0.5,0.5,0.5,14.0
MLPClassifier,yoganidrasana,0.689655172413793,0.6666666666666666,0.7142857142857143,14.0
KNeighborsClassifier,yoganidrasana,0.7200000000000001,0.8181818181818182,0.6428571428571429,14.0
SVC,yoganidrasana,0.7200000000000001,0.8181818181818182,0.6428571428571429,14.0
RandomForestClassifier,yoganidrasana,0.782608695652174,1.0,0.6428571428571429,14.0
